Gene,Mutation,type,drug,original_mutation,confidence,source,comment
rrs,n.1401A>G,drug_resistance,amikacin,n.1401A>G,Assoc w R,WHO catalogue v2,
rrs,n.1484G>T,drug_resistance,amikacin,n.1484G>T,Assoc w R,WHO catalogue v2,
Rv0678,transcript_ablation,drug_resistance,bedaquiline,LoF,Assoc w R,WHO catalogue v2,Can only confer resistance if genetically linked to a functional MmpL5
Rv0678,feature_ablation,drug_resistance,bedaquiline,LoF,Assoc w R,WHO catalogue v2,Can only confer resistance if genetically linked to a functional MmpL5
Rv0678,start_lost,drug_resistance,bedaquiline,LoF,Assoc w R,WHO catalogue v2,Can only confer resistance if genetically linked to a functional MmpL5
Rv0678,stop_gained,drug_resistance,bedaquiline,LoF,Assoc w R,WHO catalogue v2,Can only confer resistance if genetically linked to a functional MmpL5
Rv0678,frameshift_variant,drug_resistance,bedaquiline,LoF,Assoc w R,WHO catalogue v2,Can only confer resistance if genetically linked to a functional MmpL5
Rv0678,p.Asp47fs,drug_resistance,bedaquiline,p.Asp47fs,Assoc w R,WHO catalogue v2,Can only confer resistance if genetically linked to a functional MmpL5
Rv0678,p.Glu49fs,drug_resistance,bedaquiline,p.Glu49fs,Assoc w R,WHO catalogue v2,Can only confer resistance if genetically linked to a functional MmpL5
Rv0678,p.Gly121Arg,drug_resistance,bedaquiline,p.Gly121Arg,Assoc w R,WHO catalogue v2,Can only confer resistance if genetically linked to a functional MmpL5
Rv0678,p.Ile67fs,drug_resistance,bedaquiline,p.Ile67fs,Assoc w R,WHO catalogue v2,Can only confer resistance if genetically linked to a functional MmpL5
Rv0678,p.Leu117Arg,drug_resistance,bedaquiline,p.Leu117Arg,Assoc w R,WHO catalogue v2,Can only confer resistance if genetically linked to a functional MmpL5
rrs,n.1401A>G,drug_resistance,capreomycin,n.1401A>G,Assoc w R,WHO catalogue v2,
rrs,n.1402C>T,drug_resistance,capreomycin,n.1402C>T,Assoc w R,WHO catalogue v2,
rrs,n.1484G>T,drug_resistance,capreomycin,n.1484G>T,Assoc w R,WHO catalogue v2,
tlyA,transcript_ablation,drug_resistance,capreomycin,LoF,Assoc w R,WHO catalogue v2,
tlyA,feature_ablation,drug_resistance,capreomycin,LoF,Assoc w R,WHO catalogue v2,
tlyA,start_lost,drug_resistance,capreomycin,LoF,Assoc w R,WHO catalogue v2,
tlyA,stop_gained,drug_resistance,capreomycin,LoF,Assoc w R,WHO catalogue v2,
tlyA,frameshift_variant,drug_resistance,capreomycin,LoF,Assoc w R,WHO catalogue v2,
tlyA,p.Arg133fs,drug_resistance,capreomycin,p.Arg133fs,Assoc w R,WHO catalogue v2,
tlyA,p.Asn236Lys,drug_resistance,capreomycin,p.Asn236Lys,Assoc w R,WHO catalogue v2,
Rv0678,transcript_ablation,drug_resistance,clofazimine,LoF,Assoc w R,WHO catalogue v2,Can only confer resistance if genetically linked to a functional MmpL5
Rv0678,feature_ablation,drug_resistance,clofazimine,LoF,Assoc w R,WHO catalogue v2,Can only confer resistance if genetically linked to a functional MmpL5
Rv0678,start_lost,drug_resistance,clofazimine,LoF,Assoc w R,WHO catalogue v2,Can only confer resistance if genetically linked to a functional MmpL5
Rv0678,stop_gained,drug_resistance,clofazimine,LoF,Assoc w R,WHO catalogue v2,Can only confer resistance if genetically linked to a functional MmpL5
Rv0678,frameshift_variant,drug_resistance,clofazimine,LoF,Assoc w R,WHO catalogue v2,Can only confer resistance if genetically linked to a functional MmpL5
Rv0678,p.Glu49fs,drug_resistance,clofazimine,p.Glu49fs,Assoc w R,WHO catalogue v2,Can only confer resistance if genetically linked to a functional MmpL5
embB,p.Asp328Tyr,drug_resistance,ethambutol,p.Asp328Tyr,Assoc w R,WHO catalogue v2,
embB,p.Asp354Ala,drug_resistance,ethambutol,p.Asp354Ala,Assoc w R,WHO catalogue v2,
embB,p.Gln497Arg,drug_resistance,ethambutol,p.Gln497Arg,Assoc w R,WHO catalogue v2,
embB,p.Gln497Lys,drug_resistance,ethambutol,p.Gln497Lys,Assoc w R,WHO catalogue v2,
embB,p.Gly406Ala,drug_resistance,ethambutol,p.Gly406Ala,Assoc w R,WHO catalogue v2,
embB,p.Gly406Asp,drug_resistance,ethambutol,p.Gly406Asp,Assoc w R,WHO catalogue v2,
embB,p.Gly406Cys,drug_resistance,ethambutol,p.Gly406Cys,Assoc w R,WHO catalogue v2,
embB,p.Gly406Ser,drug_resistance,ethambutol,p.Gly406Ser,Assoc w R,WHO catalogue v2,
embB,p.Met306Ile,drug_resistance,ethambutol,p.Met306Ile,Assoc w R,WHO catalogue v2,
embB,p.Met306Leu,drug_resistance,ethambutol,p.Met306Leu,Assoc w R,WHO catalogue v2,
embB,p.Met306Val,drug_resistance,ethambutol,p.Met306Val,Assoc w R,WHO catalogue v2,
embB,p.Tyr319Cys,drug_resistance,ethambutol,p.Tyr319Cys,Assoc w R,WHO catalogue v2,
embB,p.Tyr319Ser,drug_resistance,ethambutol,p.Tyr319Ser,Assoc w R,WHO catalogue v2,
ethA,transcript_ablation,drug_resistance,ethionamide,LoF,Assoc w R,WHO catalogue v2,
ethA,feature_ablation,drug_resistance,ethionamide,LoF,Assoc w R,WHO catalogue v2,
ethA,start_lost,drug_resistance,ethionamide,LoF,Assoc w R,WHO catalogue v2,
ethA,stop_gained,drug_resistance,ethionamide,LoF,Assoc w R,WHO catalogue v2,
ethA,frameshift_variant,drug_resistance,ethionamide,LoF,Assoc w R,WHO catalogue v2,
ethA,p.Arg207Gly,drug_resistance,ethionamide,p.Arg207Gly,Assoc w R,WHO catalogue v2,
ethA,p.Lys37fs,drug_resistance,ethionamide,p.Lys37fs,Assoc w R,WHO catalogue v2,
ethA,p.Met1?,drug_resistance,ethionamide,p.Met1?,Assoc w R,WHO catalogue v2,
ethA,p.Tyr235fs,drug_resistance,ethionamide,p.Tyr235fs,Assoc w R,WHO catalogue v2,
inhA,c.-777C>T,drug_resistance,ethionamide,c.-777C>T,Assoc w R,WHO catalogue v2,Alias fabG1_c.-15C>T
inhA,c.-154G>A,drug_resistance,isoniazid,c.-154G>A,Assoc w R,WHO catalogue v2,"Alias fabG1_p.Leu203Leu. Low-level resistance (multiple, genetically linked low-level resistance mutations are additive and confer high-level resistance)"
inhA,c.-777C>T,drug_resistance,isoniazid,c.-777C>T,Assoc w R,WHO catalogue v2,"Alias fabG1_c.-15C>T. Low-level resistance (multiple, genetically linked low-level resistance mutations are additive and confer high-level resistance)"
katG,transcript_ablation,drug_resistance,isoniazid,LoF,Assoc w R,WHO catalogue v2,High-level resistance
katG,feature_ablation,drug_resistance,isoniazid,LoF,Assoc w R,WHO catalogue v2,High-level resistance
katG,start_lost,drug_resistance,isoniazid,LoF,Assoc w R,WHO catalogue v2,High-level resistance
katG,stop_gained,drug_resistance,isoniazid,LoF,Assoc w R,WHO catalogue v2,High-level resistance
katG,frameshift_variant,drug_resistance,isoniazid,LoF,Assoc w R,WHO catalogue v2,High-level resistance
katG,p.Met1?,drug_resistance,isoniazid,p.Met1?,Assoc w R,WHO catalogue v2,High-level resistance
katG,p.Ser315Arg,drug_resistance,isoniazid,p.Ser315Arg,Assoc w R,WHO catalogue v2,High-level resistance
katG,p.Ser315Asn,drug_resistance,isoniazid,p.Ser315Asn,Assoc w R,WHO catalogue v2,High-level resistance
katG,p.Ser315Thr,drug_resistance,isoniazid,p.Ser315Thr,Assoc w R,WHO catalogue v2,High-level resistance
katG,p.Trp328Leu,drug_resistance,isoniazid,p.Trp328Leu,Assoc w R,WHO catalogue v2,High-level resistance
eis,c.-10G>A,drug_resistance,kanamycin,c.-10G>A,Assoc w R,WHO catalogue v2,Can only confer resistance if genetically linked to a functional Eis
eis,c.-12C>T,drug_resistance,kanamycin,c.-12C>T,Assoc w R,WHO catalogue v2,
eis,c.-14C>T,drug_resistance,kanamycin,c.-14C>T,Assoc w R,WHO catalogue v2,Can only confer resistance if genetically linked to a functional Eis
eis,c.-37G>T,drug_resistance,kanamycin,c.-37G>T,Assoc w R,WHO catalogue v2,
rrs,n.1401A>G,drug_resistance,kanamycin,n.1401A>G,Assoc w R,WHO catalogue v2,
rrs,n.1484G>T,drug_resistance,kanamycin,n.1484G>T,Assoc w R,WHO catalogue v2,
gyrA,p.Ala90Val,drug_resistance,levofloxacin,p.Ala90Val,Assoc w R,WHO catalogue v2,
gyrA,p.Asp89Asn,drug_resistance,levofloxacin,p.Asp89Asn,Assoc w R,WHO catalogue v2,
gyrA,p.Asp94Ala,drug_resistance,levofloxacin,p.Asp94Ala,Assoc w R,WHO catalogue v2,
gyrA,p.Asp94Asn,drug_resistance,levofloxacin,p.Asp94Asn,Assoc w R,WHO catalogue v2,
gyrA,p.Asp94Gly,drug_resistance,levofloxacin,p.Asp94Gly,Assoc w R,WHO catalogue v2,
gyrA,p.Asp94His,drug_resistance,levofloxacin,p.Asp94His,Assoc w R,WHO catalogue v2,
gyrA,p.Asp94Tyr,drug_resistance,levofloxacin,p.Asp94Tyr,Assoc w R,WHO catalogue v2,
gyrA,p.Gly88Cys,drug_resistance,levofloxacin,p.Gly88Cys,Assoc w R,WHO catalogue v2,
gyrA,p.Ser91Pro,drug_resistance,levofloxacin,p.Ser91Pro,Assoc w R,WHO catalogue v2,
gyrB,p.Asn499Asp,drug_resistance,levofloxacin,p.Asn499Asp,Assoc w R,WHO catalogue v2,
gyrB,p.Asn499Thr,drug_resistance,levofloxacin,p.Asn499Thr,Assoc w R,WHO catalogue v2,
gyrB,p.Asp461Asn,drug_resistance,levofloxacin,p.Asp461Asn,Assoc w R,WHO catalogue v2,
rplC,p.Cys154Arg,drug_resistance,linezolid,p.Cys154Arg,Assoc w R,WHO catalogue v2,
gyrA,p.Ala90Val,drug_resistance,moxifloxacin,p.Ala90Val,Assoc w R,WHO catalogue v2,"Low-level resistance (multiple, genetically linked low-level resistance mutations are additive and confer high-level resistance)"
gyrA,p.Asp89Asn,drug_resistance,moxifloxacin,p.Asp89Asn,Assoc w R,WHO catalogue v2,"Low-level resistance (multiple, genetically linked low-level resistance mutations are additive and confer high-level resistance)"
gyrA,p.Asp94Ala,drug_resistance,moxifloxacin,p.Asp94Ala,Assoc w R,WHO catalogue v2,"Low-level resistance (multiple, genetically linked low-level resistance mutations are additive and confer high-level resistance)"
gyrA,p.Asp94Asn,drug_resistance,moxifloxacin,p.Asp94Asn,Assoc w R,WHO catalogue v2,High-level resistance
gyrA,p.Asp94Gly,drug_resistance,moxifloxacin,p.Asp94Gly,Assoc w R,WHO catalogue v2,High-level resistance
gyrA,p.Asp94His,drug_resistance,moxifloxacin,p.Asp94His,Assoc w R,WHO catalogue v2,High-level resistance
gyrA,p.Asp94Tyr,drug_resistance,moxifloxacin,p.Asp94Tyr,Assoc w R,WHO catalogue v2,High-level resistance
gyrA,p.Gly88Cys,drug_resistance,moxifloxacin,p.Gly88Cys,Assoc w R,WHO catalogue v2,High-level resistance
gyrA,p.Ser91Pro,drug_resistance,moxifloxacin,p.Ser91Pro,Assoc w R,WHO catalogue v2,"Low-level resistance (multiple, genetically linked low-level resistance mutations are additive and confer high-level resistance)"
gyrB,p.Glu501Asp,drug_resistance,moxifloxacin,p.Glu501Asp,Assoc w R,WHO catalogue v2,"Low-level resistance (multiple, genetically linked low-level resistance mutations are additive and confer high-level resistance)"
pncA,c.-11A>C,drug_resistance,pyrazinamide,c.-11A>C,Assoc w R,WHO catalogue v2,
pncA,c.-11A>G,drug_resistance,pyrazinamide,c.-11A>G,Assoc w R,WHO catalogue v2,
pncA,c.-12T>C,drug_resistance,pyrazinamide,c.-12T>C,Assoc w R,WHO catalogue v2,
pncA,c.-5delG,drug_resistance,pyrazinamide,c.-5delG,Assoc w R,WHO catalogue v2,
pncA,transcript_ablation,drug_resistance,pyrazinamide,LoF,Assoc w R,WHO catalogue v2,
pncA,feature_ablation,drug_resistance,pyrazinamide,LoF,Assoc w R,WHO catalogue v2,
pncA,start_lost,drug_resistance,pyrazinamide,LoF,Assoc w R,WHO catalogue v2,
pncA,stop_gained,drug_resistance,pyrazinamide,LoF,Assoc w R,WHO catalogue v2,
pncA,frameshift_variant,drug_resistance,pyrazinamide,LoF,Assoc w R,WHO catalogue v2,
pncA,p.Ala102Pro,drug_resistance,pyrazinamide,p.Ala102Pro,Assoc w R,WHO catalogue v2,
pncA,p.Ala134Val,drug_resistance,pyrazinamide,p.Ala134Val,Assoc w R,WHO catalogue v2,
pncA,p.Ala146Thr,drug_resistance,pyrazinamide,p.Ala146Thr,Assoc w R,WHO catalogue v2,
pncA,p.Ala146Val,drug_resistance,pyrazinamide,p.Ala146Val,Assoc w R,WHO catalogue v2,
pncA,p.Ala152fs,drug_resistance,pyrazinamide,p.Ala152fs,Assoc w R,WHO catalogue v2,
pncA,p.Arg154Gly,drug_resistance,pyrazinamide,p.Arg154Gly,Assoc w R,WHO catalogue v2,
pncA,p.Arg154Met,drug_resistance,pyrazinamide,p.Arg154Met,Assoc w R,WHO catalogue v2,
pncA,p.Asp129_Val131del,drug_resistance,pyrazinamide,p.Asp129_Val131del,Assoc w R,WHO catalogue v2,
pncA,p.Asp129fs,drug_resistance,pyrazinamide,p.Asp129fs,Assoc w R,WHO catalogue v2,
pncA,p.Asp12Ala,drug_resistance,pyrazinamide,p.Asp12Ala,Assoc w R,WHO catalogue v2,
pncA,p.Asp12Glu,drug_resistance,pyrazinamide,p.Asp12Glu,Assoc w R,WHO catalogue v2,
pncA,p.Asp12Gly,drug_resistance,pyrazinamide,p.Asp12Gly,Assoc w R,WHO catalogue v2,
pncA,p.Asp136fs,drug_resistance,pyrazinamide,p.Asp136fs,Assoc w R,WHO catalogue v2,
pncA,p.Asp136Gly,drug_resistance,pyrazinamide,p.Asp136Gly,Assoc w R,WHO catalogue v2,
pncA,p.Asp49Ala,drug_resistance,pyrazinamide,p.Asp49Ala,Assoc w R,WHO catalogue v2,
pncA,p.Asp49Gly,drug_resistance,pyrazinamide,p.Asp49Gly,Assoc w R,WHO catalogue v2,
pncA,p.Asp63Ala,drug_resistance,pyrazinamide,p.Asp63Ala,Assoc w R,WHO catalogue v2,
pncA,p.Asp63fs,drug_resistance,pyrazinamide,p.Asp63fs,Assoc w R,WHO catalogue v2,
pncA,p.Asp86fs,drug_resistance,pyrazinamide,p.Asp86fs,Assoc w R,WHO catalogue v2,
pncA,p.Asp8Asn,drug_resistance,pyrazinamide,p.Asp8Asn,Assoc w R,WHO catalogue v2,
pncA,p.Asp8Glu,drug_resistance,pyrazinamide,p.Asp8Glu,Assoc w R,WHO catalogue v2,
pncA,p.Asp8Gly,drug_resistance,pyrazinamide,p.Asp8Gly,Assoc w R,WHO catalogue v2,
pncA,p.Cys138Arg,drug_resistance,pyrazinamide,p.Cys138Arg,Assoc w R,WHO catalogue v2,
pncA,p.Cys14Arg,drug_resistance,pyrazinamide,p.Cys14Arg,Assoc w R,WHO catalogue v2,
pncA,p.Cys72Arg,drug_resistance,pyrazinamide,p.Cys72Arg,Assoc w R,WHO catalogue v2,
pncA,p.Gln10Arg,drug_resistance,pyrazinamide,p.Gln10Arg,Assoc w R,WHO catalogue v2,
pncA,p.Gln10His,drug_resistance,pyrazinamide,p.Gln10His,Assoc w R,WHO catalogue v2,
pncA,p.Gln10Pro,drug_resistance,pyrazinamide,p.Gln10Pro,Assoc w R,WHO catalogue v2,
pncA,p.Gln10*,drug_resistance,pyrazinamide,p.Gln10*,Assoc w R,WHO catalogue v2,
pncA,p.Gln122*,drug_resistance,pyrazinamide,p.Gln122*,Assoc w R,WHO catalogue v2,
pncA,p.Gln141Pro,drug_resistance,pyrazinamide,p.Gln141Pro,Assoc w R,WHO catalogue v2,
pncA,p.Gln141*,drug_resistance,pyrazinamide,p.Gln141*,Assoc w R,WHO catalogue v2,
pncA,p.Glu127_Asp129del,drug_resistance,pyrazinamide,p.Glu127_Asp129del,Assoc w R,WHO catalogue v2,
pncA,p.Glu144fs,drug_resistance,pyrazinamide,p.Glu144fs,Assoc w R,WHO catalogue v2,
pncA,p.Glu173fs,drug_resistance,pyrazinamide,p.Glu173fs,Assoc w R,WHO catalogue v2,
pncA,p.Gly105Asp,drug_resistance,pyrazinamide,p.Gly105Asp,Assoc w R,WHO catalogue v2,
pncA,p.Gly108Arg,drug_resistance,pyrazinamide,p.Gly108Arg,Assoc w R,WHO catalogue v2,
pncA,p.Gly132Ala,drug_resistance,pyrazinamide,p.Gly132Ala,Assoc w R,WHO catalogue v2,
pncA,p.Gly132Ser,drug_resistance,pyrazinamide,p.Gly132Ser,Assoc w R,WHO catalogue v2,
pncA,p.Gly24Asp,drug_resistance,pyrazinamide,p.Gly24Asp,Assoc w R,WHO catalogue v2,
pncA,p.Gly97Arg,drug_resistance,pyrazinamide,p.Gly97Arg,Assoc w R,WHO catalogue v2,
pncA,p.Gly97Asp,drug_resistance,pyrazinamide,p.Gly97Asp,Assoc w R,WHO catalogue v2,
pncA,p.Gly97Cys,drug_resistance,pyrazinamide,p.Gly97Cys,Assoc w R,WHO catalogue v2,
pncA,p.Gly97Ser,drug_resistance,pyrazinamide,p.Gly97Ser,Assoc w R,WHO catalogue v2,
pncA,p.His51Arg,drug_resistance,pyrazinamide,p.His51Arg,Assoc w R,WHO catalogue v2,
pncA,p.His51Asp,drug_resistance,pyrazinamide,p.His51Asp,Assoc w R,WHO catalogue v2,
pncA,p.His51Gln,drug_resistance,pyrazinamide,p.His51Gln,Assoc w R,WHO catalogue v2,
pncA,p.His51Pro,drug_resistance,pyrazinamide,p.His51Pro,Assoc w R,WHO catalogue v2,
pncA,p.His51Tyr,drug_resistance,pyrazinamide,p.His51Tyr,Assoc w R,WHO catalogue v2,
pncA,p.His57Arg,drug_resistance,pyrazinamide,p.His57Arg,Assoc w R,WHO catalogue v2,
pncA,p.His57Asp,drug_resistance,pyrazinamide,p.His57Asp,Assoc w R,WHO catalogue v2,
pncA,p.His57Tyr,drug_resistance,pyrazinamide,p.His57Tyr,Assoc w R,WHO catalogue v2,
pncA,p.His71Arg,drug_resistance,pyrazinamide,p.His71Arg,Assoc w R,WHO catalogue v2,
pncA,p.His71Pro,drug_resistance,pyrazinamide,p.His71Pro,Assoc w R,WHO catalogue v2,
pncA,p.His71Tyr,drug_resistance,pyrazinamide,p.His71Tyr,Assoc w R,WHO catalogue v2,
pncA,p.His82Arg,drug_resistance,pyrazinamide,p.His82Arg,Assoc w R,WHO catalogue v2,
pncA,p.Ile133Thr,drug_resistance,pyrazinamide,p.Ile133Thr,Assoc w R,WHO catalogue v2,
pncA,p.Ile31Ser,drug_resistance,pyrazinamide,p.Ile31Ser,Assoc w R,WHO catalogue v2,
pncA,p.Ile5Ser,drug_resistance,pyrazinamide,p.Ile5Ser,Assoc w R,WHO catalogue v2,
pncA,p.Ile6Thr,drug_resistance,pyrazinamide,p.Ile6Thr,Assoc w R,WHO catalogue v2,
pncA,p.Ile90Ser,drug_resistance,pyrazinamide,p.Ile90Ser,Assoc w R,WHO catalogue v2,
pncA,p.Leu120Arg,drug_resistance,pyrazinamide,p.Leu120Arg,Assoc w R,WHO catalogue v2,
pncA,p.Leu120Pro,drug_resistance,pyrazinamide,p.Leu120Pro,Assoc w R,WHO catalogue v2,
pncA,p.Leu151Ser,drug_resistance,pyrazinamide,p.Leu151Ser,Assoc w R,WHO catalogue v2,
pncA,p.Leu156fs,drug_resistance,pyrazinamide,p.Leu156fs,Assoc w R,WHO catalogue v2,
pncA,p.Leu159Arg,drug_resistance,pyrazinamide,p.Leu159Arg,Assoc w R,WHO catalogue v2,
pncA,p.Leu172Pro,drug_resistance,pyrazinamide,p.Leu172Pro,Assoc w R,WHO catalogue v2,
pncA,p.Leu182Ser,drug_resistance,pyrazinamide,p.Leu182Ser,Assoc w R,WHO catalogue v2,
pncA,p.Leu182Trp,drug_resistance,pyrazinamide,p.Leu182Trp,Assoc w R,WHO catalogue v2,
pncA,p.Leu19Pro,drug_resistance,pyrazinamide,p.Leu19Pro,Assoc w R,WHO catalogue v2,
pncA,p.Leu27Pro,drug_resistance,pyrazinamide,p.Leu27Pro,Assoc w R,WHO catalogue v2,
pncA,p.Leu4Ser,drug_resistance,pyrazinamide,p.Leu4Ser,Assoc w R,WHO catalogue v2,
pncA,p.Leu4Trp,drug_resistance,pyrazinamide,p.Leu4Trp,Assoc w R,WHO catalogue v2,
pncA,p.Leu85Arg,drug_resistance,pyrazinamide,p.Leu85Arg,Assoc w R,WHO catalogue v2,
pncA,p.Leu85Pro,drug_resistance,pyrazinamide,p.Leu85Pro,Assoc w R,WHO catalogue v2,
pncA,p.Lys96Arg,drug_resistance,pyrazinamide,p.Lys96Arg,Assoc w R,WHO catalogue v2,
pncA,p.Lys96Gln,drug_resistance,pyrazinamide,p.Lys96Gln,Assoc w R,WHO catalogue v2,
pncA,p.Lys96Glu,drug_resistance,pyrazinamide,p.Lys96Glu,Assoc w R,WHO catalogue v2,
pncA,p.Lys96Thr,drug_resistance,pyrazinamide,p.Lys96Thr,Assoc w R,WHO catalogue v2,
pncA,p.Met1?,drug_resistance,pyrazinamide,p.Met1?,Assoc w R,WHO catalogue v2,
pncA,p.Met175Arg,drug_resistance,pyrazinamide,p.Met175Arg,Assoc w R,WHO catalogue v2,
pncA,p.Met175Val,drug_resistance,pyrazinamide,p.Met175Val,Assoc w R,WHO catalogue v2,
pncA,p.Phe106fs,drug_resistance,pyrazinamide,p.Phe106fs,Assoc w R,WHO catalogue v2,
pncA,p.Phe13Ile,drug_resistance,pyrazinamide,p.Phe13Ile,Assoc w R,WHO catalogue v2,
pncA,p.Phe13Ser,drug_resistance,pyrazinamide,p.Phe13Ser,Assoc w R,WHO catalogue v2,
pncA,p.Phe58Leu,drug_resistance,pyrazinamide,p.Phe58Leu,Assoc w R,WHO catalogue v2,
pncA,p.Phe94Cys,drug_resistance,pyrazinamide,p.Phe94Cys,Assoc w R,WHO catalogue v2,
pncA,p.Phe94Leu,drug_resistance,pyrazinamide,p.Phe94Leu,Assoc w R,WHO catalogue v2,
pncA,p.Pro54Arg,drug_resistance,pyrazinamide,p.Pro54Arg,Assoc w R,WHO catalogue v2,
pncA,p.Pro54Leu,drug_resistance,pyrazinamide,p.Pro54Leu,Assoc w R,WHO catalogue v2,
pncA,p.Pro62Leu,drug_resistance,pyrazinamide,p.Pro62Leu,Assoc w R,WHO catalogue v2,
pncA,p.Pro69Leu,drug_resistance,pyrazinamide,p.Pro69Leu,Assoc w R,WHO catalogue v2,
pncA,p.Ser104Arg,drug_resistance,pyrazinamide,p.Ser104Arg,Assoc w R,WHO catalogue v2,
pncA,p.Ser164Pro,drug_resistance,pyrazinamide,p.Ser164Pro,Assoc w R,WHO catalogue v2,
pncA,p.Ser59Pro,drug_resistance,pyrazinamide,p.Ser59Pro,Assoc w R,WHO catalogue v2,
pncA,p.Ser66Pro,drug_resistance,pyrazinamide,p.Ser66Pro,Assoc w R,WHO catalogue v2,
pncA,p.Ser67Pro,drug_resistance,pyrazinamide,p.Ser67Pro,Assoc w R,WHO catalogue v2,
pncA,p.Ser84fs,drug_resistance,pyrazinamide,p.Ser84fs,Assoc w R,WHO catalogue v2,
pncA,p.Thr135Pro,drug_resistance,pyrazinamide,p.Thr135Pro,Assoc w R,WHO catalogue v2,
pncA,p.Thr142Ala,drug_resistance,pyrazinamide,p.Thr142Ala,Assoc w R,WHO catalogue v2,
pncA,p.Thr142Met,drug_resistance,pyrazinamide,p.Thr142Met,Assoc w R,WHO catalogue v2,
pncA,p.Thr153fs,drug_resistance,pyrazinamide,p.Thr153fs,Assoc w R,WHO catalogue v2,
pncA,p.Thr160Pro,drug_resistance,pyrazinamide,p.Thr160Pro,Assoc w R,WHO catalogue v2,
pncA,p.Thr177Pro,drug_resistance,pyrazinamide,p.Thr177Pro,Assoc w R,WHO catalogue v2,
pncA,p.Thr47Ala,drug_resistance,pyrazinamide,p.Thr47Ala,Assoc w R,WHO catalogue v2,
pncA,p.Thr47Pro,drug_resistance,pyrazinamide,p.Thr47Pro,Assoc w R,WHO catalogue v2,
pncA,p.Thr61fs,drug_resistance,pyrazinamide,p.Thr61fs,Assoc w R,WHO catalogue v2,
pncA,p.Thr76Ile,drug_resistance,pyrazinamide,p.Thr76Ile,Assoc w R,WHO catalogue v2,
pncA,p.Thr76Pro,drug_resistance,pyrazinamide,p.Thr76Pro,Assoc w R,WHO catalogue v2,
pncA,p.Trp119*,drug_resistance,pyrazinamide,p.Trp119*,Assoc w R,WHO catalogue v2,
pncA,p.Trp68Arg,drug_resistance,pyrazinamide,p.Trp68Arg,Assoc w R,WHO catalogue v2,
pncA,p.Trp68Cys,drug_resistance,pyrazinamide,p.Trp68Cys,Assoc w R,WHO catalogue v2,
pncA,p.Trp68Gly,drug_resistance,pyrazinamide,p.Trp68Gly,Assoc w R,WHO catalogue v2,
pncA,p.Trp68*,drug_resistance,pyrazinamide,p.Trp68*,Assoc w R,WHO catalogue v2,
pncA,p.Tyr103Cys,drug_resistance,pyrazinamide,p.Tyr103Cys,Assoc w R,WHO catalogue v2,
pncA,p.Tyr103His,drug_resistance,pyrazinamide,p.Tyr103His,Assoc w R,WHO catalogue v2,
pncA,p.Tyr103*,drug_resistance,pyrazinamide,p.Tyr103*,Assoc w R,WHO catalogue v2,
pncA,p.Tyr34Asp,drug_resistance,pyrazinamide,p.Tyr34Asp,Assoc w R,WHO catalogue v2,
pncA,p.Tyr64*,drug_resistance,pyrazinamide,p.Tyr64*,Assoc w R,WHO catalogue v2,
pncA,p.Val125Gly,drug_resistance,pyrazinamide,p.Val125Gly,Assoc w R,WHO catalogue v2,
pncA,p.Val128fs,drug_resistance,pyrazinamide,p.Val128fs,Assoc w R,WHO catalogue v2,
pncA,p.Val128Gly,drug_resistance,pyrazinamide,p.Val128Gly,Assoc w R,WHO catalogue v2,
pncA,p.Val130fs,drug_resistance,pyrazinamide,p.Val130fs,Assoc w R,WHO catalogue v2,
pncA,p.Val131fs,drug_resistance,pyrazinamide,p.Val131fs,Assoc w R,WHO catalogue v2,
pncA,p.Val139Ala,drug_resistance,pyrazinamide,p.Val139Ala,Assoc w R,WHO catalogue v2,
pncA,p.Val139Gly,drug_resistance,pyrazinamide,p.Val139Gly,Assoc w R,WHO catalogue v2,
pncA,p.Val139Met,drug_resistance,pyrazinamide,p.Val139Met,Assoc w R,WHO catalogue v2,
pncA,p.Val155Gly,drug_resistance,pyrazinamide,p.Val155Gly,Assoc w R,WHO catalogue v2,
pncA,p.Val155Met,drug_resistance,pyrazinamide,p.Val155Met,Assoc w R,WHO catalogue v2,
pncA,p.Val180Ala,drug_resistance,pyrazinamide,p.Val180Ala,Assoc w R,WHO catalogue v2,
pncA,p.Val180Gly,drug_resistance,pyrazinamide,p.Val180Gly,Assoc w R,WHO catalogue v2,
pncA,p.Val180Phe,drug_resistance,pyrazinamide,p.Val180Phe,Assoc w R,WHO catalogue v2,
pncA,p.Val7Gly,drug_resistance,pyrazinamide,p.Val7Gly,Assoc w R,WHO catalogue v2,
pncA,p.Val7Leu,drug_resistance,pyrazinamide,p.Val7Leu,Assoc w R,WHO catalogue v2,
pncA,p.Val9Gly,drug_resistance,pyrazinamide,p.Val9Gly,Assoc w R,WHO catalogue v2,
rpoB,p.Asp435Phe,drug_resistance,rifampicin,p.Asp435Phe,Assoc w R,WHO catalogue v2,
rpoB,p.Asp435Tyr,drug_resistance,rifampicin,p.Asp435Tyr,Assoc w R,WHO catalogue v2,
rpoB,p.Asp435Val,drug_resistance,rifampicin,p.Asp435Val,Assoc w R,WHO catalogue v2,
rpoB,p.Gln432_Asp435delinsHis,drug_resistance,rifampicin,p.Gln432_Asp435delinsHis,Assoc w R,WHO catalogue v2,
rpoB,p.Gln432Leu,drug_resistance,rifampicin,p.Gln432Leu,Assoc w R,WHO catalogue v2,
rpoB,p.Gln432Lys,drug_resistance,rifampicin,p.Gln432Lys,Assoc w R,WHO catalogue v2,
rpoB,p.Gln432Pro,drug_resistance,rifampicin,p.Gln432Pro,Assoc w R,WHO catalogue v2,
rpoB,p.His445Arg,drug_resistance,rifampicin,p.His445Arg,Assoc w R,WHO catalogue v2,
rpoB,p.His445Asn,drug_resistance,rifampicin,p.His445Asn,Assoc w R,WHO catalogue v2,
rpoB,p.His445Asp,drug_resistance,rifampicin,p.His445Asp,Assoc w R,WHO catalogue v2,
rpoB,p.His445Cys,drug_resistance,rifampicin,p.His445Cys,Assoc w R,WHO catalogue v2,
rpoB,p.His445Leu,drug_resistance,rifampicin,p.His445Leu,Assoc w R,WHO catalogue v2,
rpoB,p.His445Ser,drug_resistance,rifampicin,p.His445Ser,Assoc w R,WHO catalogue v2,
rpoB,p.His445Tyr,drug_resistance,rifampicin,p.His445Tyr,Assoc w R,WHO catalogue v2,
rpoB,p.Ile491Phe,drug_resistance,rifampicin,p.Ile491Phe,Assoc w R,WHO catalogue v2,
rpoB,p.Leu430Pro,drug_resistance,rifampicin,p.Leu430Pro,Assoc w R,WHO catalogue v2,
rpoB,p.Leu452Pro,drug_resistance,rifampicin,p.Leu452Pro,Assoc w R,WHO catalogue v2,
rpoB,p.Phe433dup,drug_resistance,rifampicin,p.Phe433dup,Assoc w R,WHO catalogue v2,
rpoB,p.Ser441Gln,drug_resistance,rifampicin,p.Ser441Gln,Assoc w R,WHO catalogue v2,
rpoB,p.Ser441Leu,drug_resistance,rifampicin,p.Ser441Leu,Assoc w R,WHO catalogue v2,
rpoB,p.Ser450Leu,drug_resistance,rifampicin,p.Ser450Leu,Assoc w R,WHO catalogue v2,
rpoB,p.Ser450Phe,drug_resistance,rifampicin,p.Ser450Phe,Assoc w R,WHO catalogue v2,
rpoB,p.Ser450Trp,drug_resistance,rifampicin,p.Ser450Trp,Assoc w R,WHO catalogue v2,
rpoB,p.Ser450Tyr,drug_resistance,rifampicin,p.Ser450Tyr,Assoc w R,WHO catalogue v2,
rpoB,p.Thr444dup,drug_resistance,rifampicin,p.Thr444dup,Assoc w R,WHO catalogue v2,
rpoB,p.Val170Phe,drug_resistance,rifampicin,p.Val170Phe,Assoc w R,WHO catalogue v2,
gid,transcript_ablation,drug_resistance,streptomycin,LoF,Assoc w R,WHO catalogue v2,
gid,feature_ablation,drug_resistance,streptomycin,LoF,Assoc w R,WHO catalogue v2,
gid,start_lost,drug_resistance,streptomycin,LoF,Assoc w R,WHO catalogue v2,
gid,stop_gained,drug_resistance,streptomycin,LoF,Assoc w R,WHO catalogue v2,
gid,frameshift_variant,drug_resistance,streptomycin,LoF,Assoc w R,WHO catalogue v2,
gid,p.Ala134Glu,drug_resistance,streptomycin,p.Ala134Glu,Assoc w R,WHO catalogue v2,
gid,p.Ala200Glu,drug_resistance,streptomycin,p.Ala200Glu,Assoc w R,WHO catalogue v2,
gid,p.Arg39fs,drug_resistance,streptomycin,p.Arg39fs,Assoc w R,WHO catalogue v2,
gid,p.Gln125*,drug_resistance,streptomycin,p.Gln125*,Assoc w R,WHO catalogue v2,
gid,p.Glu99*,drug_resistance,streptomycin,p.Glu99*,Assoc w R,WHO catalogue v2,
gid,p.Gly73Glu,drug_resistance,streptomycin,p.Gly73Glu,Assoc w R,WHO catalogue v2,
gid,p.His48Gln,drug_resistance,streptomycin,p.His48Gln,Assoc w R,WHO catalogue v2,
gid,p.Ser70Asn,drug_resistance,streptomycin,p.Ser70Asn,Assoc w R,WHO catalogue v2,
gid,p.Val105Glu,drug_resistance,streptomycin,p.Val105Glu,Assoc w R,WHO catalogue v2,
rpsL,p.Lys43Arg,drug_resistance,streptomycin,p.Lys43Arg,Assoc w R,WHO catalogue v2,
rpsL,p.Lys88Arg,drug_resistance,streptomycin,p.Lys88Arg,Assoc w R,WHO catalogue v2,
rpsL,p.Lys88Met,drug_resistance,streptomycin,p.Lys88Met,Assoc w R,WHO catalogue v2,
rrs,n.514A>C,drug_resistance,streptomycin,n.514A>C,Assoc w R,WHO catalogue v2,
rrs,n.517C>T,drug_resistance,streptomycin,n.517C>T,Assoc w R,WHO catalogue v2,
